"index","przypadki","Arima_lag1","Arima_bc","Arima_auto"
1,657,657,653.743924031569,2602.42868451578
2,658,656.598047445167,657.222032313294,951.874443135544
3,548,698.443063335308,632.079872709898,973.082755682128
4,575,718.701856992587,547.557169763661,762.070843175646
5,680,645.833918604105,618.182253411356,866.142984105351
6,640,651.894901134258,683.016298931448,877.105160258215
7,726,681.468036923611,632.710268437775,829.391205452934
8,809,601.334988379815,694.079910085812,958.6948519367
9,843,650.376080796866,724.182460891074,972.575883918837
10,624,759.142850059255,737.38518825338,1029.832150398
11,619,794.171004841309,599.967402535034,759.212730686863
12,551,747.512904136228,694.776890785318,923.75913791049
13,715,778.736442038095,646.491443661191,697.936922243607
14,811,683.284706233212,841.188723271174,1030.1772668576
15,832,572.899876920422,764.979752370444,908.360755603465
16,771,642.824768286225,756.871189660067,1059.73637866395
17,594,767.131730105243,634.489087393925,899.155958130033
18,595,859.065779742633,586.455221129075,818.370864285752
19,597,781.797427590649,629.581820617786,840.829617113781
20,735,699.350040987718,693.606426268857,802.489931764482
21,767,623.482645397584,786.562534162856,977.31354498701
22,903,619.639779569797,754.233135122377,904.760751978205
23,900,661.772569537542,795.199130573429,1138.19996806879
24,581,756.826696037522,736.594570547924,1000.72664583517
25,548,879.81840042083,561.096672986758,763.156840862774
26,763,809.462341784441,648.943777869609,847.707496914891
27,729,728.371689424773,857.399054618378,988.891403125511
28,887,704.055066564564,773.455088186386,866.718915014626
29,791,557.170077889939,862.248455641459,1148.6141528658
30,759,709.445493845214,693.501754549971,863.419694660032
31,631,885.408339015385,717.685119359977,1045.62991942867
32,502,834.147605002437,612.084171489978,752.87654964124
33,550,755.510456886301,610.421651223938,794.182185791999
34,595,679.665255156694,663.393877532134,768.740142663219
35,612,659.632988957852,695.921643571523,821.969197592164
36,691,602.684665194582,620.484109838574,800.708123357678
37,567,564.775924827341,633.529772252728,911.695190177677
38,437,692.53810807952,482.074535792155,704.595397601761
39,302,739.757138070976,444.395899668797,696.159337959799
40,400,680.245237470444,361.447321264412,507.385225621429
41,421,579.775168173489,531.988155039059,709.761513132134
42,506,517.722122956364,455.737642457094,570.125161153962
43,594,459.983642815127,521.437645963212,773.6975539564
44,603,480.413891220527,449.340343740466,738.999361499715
45,502,602.062275721955,467.209390344561,807.318741709152
46,377,656.021429856886,382.541771276338,659.510573585435
47,605,653.744749211582,409.176513166076,617.087576659213
48,600,584.01507255965,641.593725325734,876.868850165963
49,837,601.729681271872,640.055140479108,704.72943755434
50,757,511.479881325428,813.951211123803,1126.55734222472
51,1002,610.269255479737,659.221684067049,777.687470430116
52,910,726.722820592742,869.718697408965,1345.7874372795
53,748,824.793588616776,714.099397828835,874.810864187903
54,711,858.838208821468,760.788866977741,1066.14176629432
55,974,813.073755146543,762.253682940114,851.592762784041
56,1136,808.37969518773,1130.22570008532,1294.30111835679
57,1587,755.934020904142,1061.6942119265,1189.92753191959
58,1584,635.255624225041,1397.29580299219,1853.82728989694
59,1350,891.758088880581,1114.64330793018,1486.2009939606
60,1306,1234.66093401052,1176.18836937387,1579.80817879791
61,1326,1266.71790606591,1177.84224522968,1452.88550949082
62,1552,1240.44577298445,1513.46187841411,1559.68603646768
63,1967,1080.61586523576,1664.82554484087,1735.63088747092
64,2292,945.773283734262,2097.6231029578,2129.90664788891
65,2367,1100.03367202401,1974.99125338193,2328.94581802502
66,1934,1379.11103724144,2040.16547195881,2412.20730842942
67,2006,1677.50296458838,1641.26213220911,1954.68373373214
68,2236,1708.16698337277,2044.00266785958,2348.65616166414
69,3003,1651.57349080333,2162.16274199895,2307.66962239178
70,4280,1407.3435189699,2987.69110195423,3272.27832919458
71,4739,1224.96902759611,3356.55221485332,4214.1691288065
72,5300,1812.97286965161,3659.06082362839,4440.24133213216
73,4178,2429.24114630681,3865.00868962595,5264.84256032883
74,4394,3326.92424246375,3748.95884149022,3679.21612785636
75,5068,3434.81605664891,4667.5896157032,5076.7395003218
76,6526,3152.77096943777,5788.96779028938,4802.37551930274
77,8099,2823.3480714669,6988.39086271125,6855.05566709214
78,7705,2646.59836989322,7471.09753205884,7534.81438004538
79,9622,3839.34170781619,6574.79022002794,7179.31940324157
80,8536,4468.84234662015,7832.6155282909,9932.37401609158
81,7482,5721.40844720641,6902.95366933586,7184.56822847153
82,9291,5958.6184178552,7470.56489128504,8169.95708195674
83,10040,5020.97525105172,9495.37208897945,9322.97825127583
84,12107,5687.64852596852,10557.9028455934,9616.95087943081
85,13632,5179.3143990147,11894.8754601308,12129.7447358752
86,13628,5258.60520773983,12326.688359834,12656.5932349437
87,11742,7355.09582338151,11900.0506998635,13005.3279069638
88,10241,8897.2499401785,10983.7520666566,11010.6744403946
89,16300,8956.80585243661,10937.2564426752,10629.7703199301
90,18820,7026.34973133759,16548.6775975339,17455.2351358297
91,20156,7240.66526863208,16192.6898876241,16286.7221746244
92,21629,7710.22402877597,17286.4513450955,19963.5839641246
93,21897,9503.61870647721,17390.0218108401,19900.9342545058
94,17171,13652.1541903236,19431.1335673168,21211.5203720852
95,15578,15192.3175365386,17144.2894211816,15391.1590105595
96,19364,12851.7441913001,19738.1692328005,17273.237699558
97,24692,11365.1998211934,23166.1519343179,19410.5613049968
98,27143,10944.7614472628,26426.9055251759,24325.4682777399
99,27086,9991.10015366502,23481.3719134781,24867.814488398
100,27875,12084.3928797754,22260.3572663248,25816.5427497419
101,24785,16723.8773041659,21772.9051246869,26831.6591758673
102,21713,19635.3278940376,22001.6631497551,23167.8910734154
103,25484,17577.0774550307,22510.009506113,22105.4728185775
104,25221,14368.627348539,29442.4949176769,26367.8426170175
105,22683,15795.8729222299,28385.9023700475,23156.6751575459
106,24051,15649.7611824158,27076.7187804078,22820.5315166362
107,25571,13788.0419324221,26081.2703108145,24152.1299778498
108,21854,15674.7486107109,25567.0852253449,24907.808026723
109,20816,16801.3240356752,20368.8013203356,20409.7342738648
110,19152,14158.1224016548,20439.9514938518,22000.1852936451
111,19883,14705.4607198065,18656.989763409,18252.7665491103
112,23975,14991.8602349671,20895.9545811552,21204.4556471777
113,22464,11544.7260176319,22806.8294243633,23397.112091287
114,24213,11726.8030144807,21678.7188791365,20765.2709223713
115,17856,12973.4453816276,22798.7958500575,24899.6798039002
116,15002,16421.4298192953,18420.0161544023,14891.9664147473
117,10141,15975.0583974457,18325.5494179099,18045.9419564479
118,15360,13486.3268938828,14187.5477074604,8684.24940299005
119,16846,9739.71440486362,20787.8117527012,19915.8342794361
120,17059,7801.94669782631,16223.1308472744,13135.7868054557
121,15183,7593.11289163129,15426.9499876129,18932.1073916068
122,11483,9052.24630520323,11359.5389476289,12626.7752922063
123,5734,12658.7174345889,10752.2810179318,12900.0727275634
124,9066,12411.2553632829,6856.59269688921,5056.905436384
125,13870,7053.57893259443,13819.7122258948,12956.3248802018
126,14838,4515.19707547485,13971.426933302,12105.3108075693
127,13230,5132.27440288119,14355.5065146816,14759.2964708341
128,12430,6080.26313080115,9827.4441093832,11630.9771927645
129,9175,9135.73493237855,11018.6011371209,13164.8153892709
130,4424,11521.4078583741,8139.72811691001,8102.74444816571
131,8315,9292.30313218558,6885.28563823776,5654.09682533137
132,12164,4526.79225991033,11915.0633406035,10419.9200191333
133,13747,4372.53077892589,13409.0228171769,11182.9381574895
134,13105,4784.05911013055,11359.3146359926,13287.746752452
135,11498,4837.07026373654,9402.82710965892,11816.4328248045
136,8978,8418.59743281007,8418.34012292622,11453.4254963075
137,4858,10840.1350365122,8135.07917193943,8673.22118835162
138,6908,8982.83665651743,6565.95894794931,5374.9059848423
139,12447,4909.39847138524,11253.0542014791,8908.13082848673
140,11953,3613.8874668888,14331.0125968363,12276.7659398611
141,10992,4979.75816051629,11245.5695915498,10224.9365662444
142,11261,4944.30176034471,8757.11382242272,11208.1180676237
143,8593,7064.28372539683,8704.92072402616,10858.1096963921
144,4633,10117.1846372738,7194.73672411162,8165.24595543815
145,7190,8042.39422727811,5823.79974013505,5108.6359831836
146,12363,4112.50991162977,10037.7412324459,9151.73891537601
147,13114,4060.6874698259,13039.0852454088,11891.4485207337
148,9077,4950.31313468587,11364.8087222499,11776.48649834
149,5048,5320.31214212581,7620.04048261112,8038.70229888495
150,3678,7996.99755652406,5589.70631475681,5803.9720259942
151,3211,9516.91487917386,5354.49611762286,4741.49723740043
152,7914,5865.5392728898,5424.28223289561,3997.69836556693
153,12955,226.371946622992,9522.55164241248,9277.41913690192
154,13397,452.61663851177,8658.74979732777,11726.8610676537
155,11008,4722.34527451765,7113.253370856,11921.2773905435
156,6945,6973.95963399071,5712.94162694904,10037.5725299317
157,5739,8794.59464377019,5668.71806415997,6842.13973611335
158,4432,9033.18782375397,7362.28319217228,6983.22842110442
159,7624,6736.81035272473,8548.86187566958,4558.30118381753
160,14151,2774.86910871037,13755.6228476331,9305.58815269336
161,12054,1340.39493991176,15452.3896845634,13482.629169198
162,8790,5122.82485019045,9282.41468889731,9545.95977210717
163,10548,7068.30965347432,6209.53620195846,9284.60449270599
164,9410,7508.49531426481,7360.36896326287,11052.9310714639
165,4622,9128.31896325727,7132.21925570046,8528.78031583092
166,5569,7112.96715276744,5537.78488161456,4753.53001462781
167,9053,3762.09155618774,8858.46896727392,7513.48734936436
168,9436,4897.08575036925,12045.7551267428,8928.95827464033
169,7795,5313.01683419558,10423.706996743,8800.71911826399
170,7412,3166.89227188065,7443.85524818433,7396.15609771134
171,6055,4636.9615236786,6693.78135086638,7877.16348020027
172,3271,7931.16457385269,5402.09999929142,5771.22970570893
173,4835,6482.10114236165,3872.7945509284,3752.72040678031
174,6919,2329.54319204357,6109.68153092978,6207.76432299698
175,7152,2536.77528285348,6830.77056319261,6575.06585951686
176,6640,3963.24252960146,6366.91878479019,6947.07561208609
177,6322,3275.55745626592,5376.38679508073,6353.35982729632
178,4683,4004.20582929683,5555.50778900785,6486.7717098542
179,2419,5774.44083756428,4650.39746589421,4451.18071739133
180,4604,5115.76467353988,3646.42143428763,2990.24557363129
181,6789,2495.69289144908,6736.6798360972,5862.5615988774
182,7156,2192.0752356824,6825.91383217464,6245.79533918109
183,6144,2771.62748274935,5915.86909388001,6911.67896742586
184,5864,3126.72008113434,4343.27996968691,5638.06590402142
185,4706,4578.0324194652,4658.29453490327,6289.43430406968
186,2503,5615.46463387659,4190.26920236445,4396.0084052508
187,4326,4506.93963932041,3562.13772952404,2997.47426085284
188,6802,2269.39198020669,6406.76917551667,5478.39747174483
189,6496,2308.12209783849,7427.60134427466,6455.25196430012
190,6053,3070.21523116314,5856.52934807116,5936.46983117548
191,5965,2815.21100453355,4821.30920299338,6092.26843159495
192,4728,4174.79401600926,4717.32775686866,5929.9336585712
193,2431,5590.06816151833,4187.53130330759,4642.14872489692
194,4029,4420.9442988834,3179.11110768942,2700.53605270621
195,6930,2327.87497334133,5850.10865270943,5330.40416110924
196,7008,2315.93677730776,7088.51860267477,6628.28538851399
197,6379,2923.07947224258,6049.59042489243,6372.51777904384
198,6586,2733.68482211087,4817.39955703219,6240.33375438989
199,5334,4173.03266232502,5221.67643704951,6669.47034185907
200,2543,5980.52845828536,4618.65098949334,5000.30246167518
201,5178,4971.71585400228,3496.07519745601,2827.89906542975
202,8694,2312.20133165957,7397.0341029989,6743.12331169171
203,9073,2478.51487515109,8475.57885606922,7958.03080939909
204,8777,3402.3434064104,7470.22941513724,8364.83507421834
205,8510,3308.57112348023,6146.30557834989,8329.49616494628
206,7038,5521.18285414344,6503.1919034985,8343.94151886915
207,3890,7608.60411963088,6102.64377275789,6749.43502555693
208,6310,6354.07289702353,5243.33926514189,4065.24753411732
209,12146,3439.52355902089,9269.28488916018,8015.0475481216
210,12142,2909.75115983666,12713.6710382487,11763.8774971767
211,11539,4423.13748263926,9984.46558140952,10264.9026008095
212,12100,4608.47384282221,8588.78401540853,11515.930422518
213,10099,7000.54402936428,8860.93858491483,11543.8378402872
214,4786,10217.0986798607,8529.93432134898,9543.5503178773
215,7937,8810.49019465354,6193.30370889319,4678.50543522097
216,15698,4630.78543096567,12323.7025601266,10637.6130760831
217,15250,4126.36298564774,16376.7761881802,14948.9260764283
218,15829,5919.24340630169,13315.6345142989,12879.2775797754
219,14857,5061.35600013614,11558.9797810684,16043.2631078063
220,13574,9068.41579438932,11048.5756314657,13186.8439477689
221,6170,13227.8755087095,11260.1784032429,14060.5950373149
222,9954,11458.5135279447,7782.07300904503,4670.86780256278
223,17260,6066.38009570761,15441.6262832833,14371.8947095159
224,21045,5473.81032058299,18810.3303995606,15194.7095591698
225,18775,6662.33804429125,18978.8233066848,20491.2482330221
226,21049,6678.49507308994,13340.712862061,15630.5487478192
227,17259,10118.5836228889,15862.9826151273,22491.0823035552
228,10896,16356.873601987,12971.8903444541,13733.1054143858
229,14396,15229.5958593333,12978.2296524663,12699.7840522248
230,25052,8464.77557189312,18521.4446609627,15834.0491028553
231,27278,7514.32640919738,28737.4168272423,25534.2320810309
232,25998,9885.45306123627,23904.546627963,23044.9452699924
233,26405,10139.420182379,22403.5447457705,25359.8926129772
234,21849,14536.3511855946,20618.1122447606,24886.0637665993
235,14578,21391.819255416,20134.713803382,20575.7841565152
236,16741,19066.1754426717,16550.1174882243,14775.9949060522
237,29978,11689.0227929476,23338.8535507503,19599.491397327
238,34151,9367.46627419107,31695.2922615458,30440.4961731445
239,35143,11617.2851987729,29743.9312608311,29597.091287866
240,31757,11982.7273603545,26050.1457675118,33883.8398866004
241,29253,18291.3061011962,24325.8298382901,28417.9042897557
242,16965,25895.6681444695,25275.6674686126,29924.8458099403
243,20870,25445.4514209851,20353.8660581313,14173.793504822
244,32874,15619.869989732,30868.1084098942,27591.6439367332
245,35251,11443.0726797947,38687.306733033,30272.4521911165
246,30546,14543.1497468685,35012.6316210191,33185.0815433027
247,28073,14784.5050674892,26207.2946972408,27398.0394943622
248,22947,19189.6503933664,24603.3171645591,28971.270909407
249,9902,25940.950885541,21067.2569171727,21303.2269943183
250,8245,23062.2112995866,13641.0567080286,10605.6524685459
251,14910,12100.9472962931,15529.2524715174,12958.1261408827
252,27887,8546.21774369219,22501.8159714419,16167.5588934893
253,28487,6851.16488221383,25429.4474665636,28628.5496776814
254,24856,5523.49094006775,17304.9714988285,22779.8683680101
255,21703,10419.0396940216,14077.9047761429,24937.3989530088
256,12013,19501.5251312457,13904.1716335163,19935.0973909758
257,13227,23534.7607920529,12352.6296408077,12019.5248669322
258,21283,13319.3290461604,20162.2795667016,16890.7529030011
259,21130,6162.14427916755,30425.7814439606,21228.8255444529
260,17847,9736.07643339508,26854.4460228229,18872.6778550434
261,15763,10893.3052808028,20252.6319090634,17515.2597552751
262,12153,12026.2793105093,16193.5546128529,15764.6258250454
263,7283,15218.2387945539,12107.2516140118,12233.3161385779
264,9246,12760.4423594749,8472.32126390714,8066.42619865043
265,13926,6422.50712101806,11039.882569853,11648.6310834097
266,12762,5048.37426660536,12820.6196745897,13667.5621022322
267,10858,6926.41792809679,10624.4524489979,11484.6329804516
268,9505,6444.99908724478,9209.11539290162,11098.1662398422
269,7219,7893.89503672208,9145.48937130766,9480.30564453371
270,3451,10006.490216619,8362.74968148238,7559.6457680733
271,5709,7628.75535828509,5808.52672291874,3849.30365347215
272,8895,3309.16612535607,9746.79890952898,7921.45103570339
273,8427,3132.8154302903,9493.63257996451,8207.03108136228
274,6796,4274.91590015221,7157.72071283104,8016.98423493624
275,6469,3759.31579734808,4764.83277844231,6509.19496950536
276,4612,5140.16258495181,5015.50902165355,7040.23699490899
277,2525,6994.1113004768,4045.96723807501,4277.93257333324
278,2296,4997.72570319776,3696.38486724433,3423.04608522431
279,3896,2329.21808979962,4161.48606964303,3002.88532370369
280,6431,2320.84254245947,6228.42944614212,4637.56005703909
281,6047,2123.90978240507,6080.25890486399,6368.47825023209
282,4765,1808.47257972679,4259.94861921429,5222.78288449008
283,3852,2839.20426033942,2988.38961622693,4894.01093881722
284,2032,4675.44651144644,2925.13621661957,3959.92666597714
285,3098,5073.65092262136,2250.94174562115,2286.46256832896
286,4255,2401.70189696819,4591.05322130411,4201.64206783828
287,3730,1175.92637230737,5005.93876685336,3972.90296607917
288,3288,2233.1796690234,4535.12843102712,3748.29371331759
289,2896,2510.83701823293,3365.06816783242,3410.91077594471
290,2167,2760.24506705909,3102.70861332297,3115.11885390376
291,1109,2954.35805425559,2192.97686559781,2350.64133912333
292,1734,2326.15245394207,1549.49594335753,1458.08496439181
293,2344,1407.04604689469,2236.98530093079,2464.11540907763
294,2086,1326.17456818168,2294.67953158251,2311.22345559299
295,1679,1366.60669225202,1766.89909337692,2218.36217187453
296,1516,1192.21473885767,1418.95156321274,1812.64641468772
297,1075,1658.67810792723,1414.12330744713,1836.01309668448
298,559,1965.79858444025,1203.74453915962,1214.68393110047
299,1000,1324.30631081494,915.137177832078,936.007532211838
300,1267,638.892052272009,1580.52414255854,1444.84858050257
301,1230,849.90342377422,1359.4100667645,1341.19318569676
302,946,949.356302347489,1119.04242782293,1425.17078160177
303,775,790.495713691353,718.340259526473,1053.47006314533
304,579,1031.01342751486,695.721689657227,1085.96351247694
305,333,1215.70780704005,573.19589978633,764.266290740988
306,588,899.559870369476,507.553153428448,638.998338483725
307,664,456.33930202942,832.315860306001,920.391024914667
308,572,549.953822727035,743.789488196499,788.470368814597
309,319,685.480791323504,572.132852575024,797.554917364157
310,415,628.127938741315,326.698187349793,486.507018406323
311,312,616.481986514488,446.829747039503,768.593650158229
312,194,681.073286612641,298.350932540086,418.250310753464
313,400,537.76054303912,259.716576719772,515.827045351126
314,428,336.615066532716,414.524349208978,631.906389846537
315,382,485.65903309856,367.518353525364,595.407985554255
316,341,536.875792802433,311.291377846135,588.298981503906
317,239,460.366056699584,294.114925868277,546.552625637473
318,227,555.200965168514,252.453612150177,451.453678652661
319,140,568.162205895658,295.359357118021,481.112647212737
320,215,472.12399466672,214.821532871785,338.384411785317
321,241,368.878522012313,327.19744921511,501.866547677246
322,218,387.302398063013,243.214216640678,405.742959951626
323,190,427.624144542481,206.784535328065,457.629207732961
324,168,401.28034678949,143.876332530641,383.540421662876
325,133,421.476410690625,149.464709703281,406.882459480279
326,73,440.457663638747,122.052753614399,339.106442131085
327,188,404.314159756941,105.744262519429,307.885538463599
328,165,330.471067762886,229.078186238635,442.285286070154
329,147,361.579535183122,159.806604696131,326.865772698453
330,133,371.102172327537,149.130159536197,396.795781290755
331,100,363.586174687158,118.764726581359,324.80403783556
332,71,408.951939377582,108.259518388599,336.927584655152
333,52,388.293804157299,84.5914504035691,283.888337322173
334,123,339.177559706477,81.1471528062071,289.628980649807
335,104,313.810091302852,139.627389189665,355.146769410113
336,98,338.442593955993,88.805016447215,292.614996054968
337,96,332.346628890668,82.5857839530872,334.484162462104
338,107,333.774752911404,72.1421369818174,299.542442281948
339,54,363.071682145809,90.9189503543078,337.966913520928
340,38,361.245401861125,55.0845696101212,249.613618155912
341,96,329.121837431295,66.5299696068537,287.516580206132
342,103,316.379777116815,123.436597410168,315.282290042772
343,93,333.752947341887,103.354354790591,309.525388223996
344,76,315.22444637436,78.3491379695339,308.332132383226
345,86,322.130343881476,62.4660279010583,290.856673274337
346,66,359.332723091688,72.1558058324732,312.499650412994
347,44,357.314846335838,61.0139134900611,273.368423851803
348,96,321.261150100786,56.7724884387426,273.488236270083
349,86,302.883355964457,111.61533712255,325.684010771767
350,105,337.615088601461,82.1223059152197,281.83537169358
351,93,325.715062156395,99.7475596647299,339.254218828578
352,114,320.502315474838,72.9291310433386,287.26863291699
353,69,345.285771976571,101.851595908456,351.642611247878
354,67,363.143740999698,60.7233860553864,255.874140203105
355,104,341.454875861055,90.6818458446913,319.258553865913
356,124,322.592164124974,106.151651976186,308.804070588558
357,126,335.188362264717,129.706208258027,345.51600668947
358,108,330.134275266119,100.65709837559,327.798196648686
359,122,342.023220866471,101.556231947479,325.719350339741
360,82,364.653180819203,103.043173121692,342.336771315011
361,74,376.747645753367,89.7415915216845,286.150402636646
362,106,347.534412765008,91.7805628045848,312.075685046399
363,138,326.733319382301,129.707554965542,322.813081354192
364,167,338.728614778767,129.107989481948,355.10418274573
365,153,332.392053276677,135.517856746738,373.393648215117
366,153,346.499970787707,108.30328945614,355.588538042505
367,91,377.962273604607,124.548964447658,373.17684305133
368,91,406.472402172247,89.5781373957588,290.696329254491
369,164,377.910064384594,131.706633488513,340.701547171366
370,164,335.050169340799,187.871382734745,379.11179398492
371,176,348.891407506294,173.282359559911,362.150896412921
372,172,347.066656632924,155.097605431522,396.173474818416
373,181,372.105365659133,144.588562224655,372.67706613845
374,122,407.307680931352,146.266124404965,404.195041007308
375,64,407.530935407204,117.617182798496,316.16422281789
376,200,386.466583053573,91.7582316411513,305.207456296048
377,198,343.543199127888,253.565006835461,450.305376659785
378,223,370.345145750215,167.162442500439,356.909069790121
379,196,347.010246699154,197.185492931052,467.959258778557
380,211,368.83202542278,133.825724033826,364.466986226334
381,148,443.593715659674,190.099400203955,461.666229963917
382,128,448.482934427561,129.941638639581,319.035724812265
383,221,390.679789168408,185.486047401361,392.610632400356
384,208,355.328277931778,240.251842260823,431.950329560115
385,197,401.035459442618,237.346685164854,401.454449715836
386,212,386.433094351433,185.506962846776,417.570761548393
387,222,379.120678629019,205.850873094738,423.310710181698
388,185,432.29006493755,180.223371204782,434.346179128735
389,107,433.571040608673,176.197021690886,387.89327862838
390,233,406.402375678161,119.716245018561,327.620906023528
391,234,371.862077946433,279.979813268657,497.385609555665
392,251,407.116393373403,196.191531872861,385.515743976976
393,258,382.473686788769,248.501781501333,500.274571490049
394,290,376.055553722449,192.44240055211,430.611684622619
395,204,454.071204343624,270.638083462575,527.947842926648
396,151,486.591809558811,175.301206363519,366.358237408893
397,285,436.914791638476,216.525199592335,415.57907043705
398,366,389.561099467965,307.322091799118,512.674731470741
399,390,419.340614200985,364.361459003656,551.152206059167
400,349,407.84827806158,293.768375982466,579.411968964085
401,389,437.397965641355,288.096032643259,533.80607161326
402,324,528.703614350538,304.273924938225,618.902440117813
403,183,575.368752219827,313.471153667335,490.841079595652
404,406,523.236850093649,234.420957988795,417.933643836159
405,533,407.487184115751,546.496953024426,693.282024310402
406,510,462.51858564411,467.826903406634,659.103376206952
407,528,495.664330674705,461.80788191927,705.197430553892
408,530,477.77594124364,379.265759672431,712.966496130995
409,476,626.410681168883,450.585414480625,726.564384785129
410,269,697.201479623975,400.354715669675,664.590306467628
411,537,619.714166720422,356.99269059105,467.143300451073
412,767,479.781775995637,664.888919280127,875.206828438313
413,722,523.916245480774,742.131938552734,860.60337607958
414,652,585.347633722891,613.422434543472,891.333916184726
415,797,576.934089446074,540.705830173044,819.043487598038
416,540,720.316508414375,656.670370279661,1043.88202132479
417,363,898.400999249258,499.14796073621,611.278090520154
418,711,723.988813092779,488.999526990413,698.554171054536
419,882,511.057624875708,871.305284708243,969.576368588119
420,974,645.804172284717,849.912833708444,1002.66493845929
421,813,621.571795348063,821.721842411405,1147.94766204954
422,917,655.943918430728,633.059861510805,910.893802889233
423,643,864.180190752801,784.287111283797,1209.31733772784
424,421,1023.27616275041,598.781426857763,688.789121745703
425,975,842.256416111246,602.923278179672,780.100088586279
426,1234,525.395613043104,1163.66748512185,1268.49922369323
427,1208,673.761823580598,1115.92634670516,1274.70410330878
428,1362,749.264322105525,966.622055993115,1346.8244700234
429,1344,745.583224610488,986.057296973489,1526.3271160957
430,1090,1127.85668174956,1012.9798490997,1437.82531551894
431,684,1286.30567291573,991.974381964879,1249.20510923455
432,1325,1094.27126244931,890.791209037098,888.303349005344
433,2085,827.673027459167,1779.06351512535,1786.88494743096
434,2007,835.685533449262,1962.24167501433,2057.22507495684
435,1895,964.056056541809,1697.09563137609,1983.05737753276
436,2012,1065.84312204402,1431.44583536322,2023.41693844074
437,1527,1561.38479401496,1639.02753559498,2168.28993112221
438,903,1939.8756761254,1379.67414077847,1549.99015032241
439,2118,1519.93571504389,1251.53317377907,1220.7635273502
440,2640,859.036574814198,2654.85904749737,2680.12204712476
441,3000,1187.05496201464,2438.94095349722,2335.68971105077
442,2771,1239.73756378602,2483.30750103987,3231.37616679937
443,3236,1379.39107595502,1966.93100141603,2496.34994597793
444,2523,2052.07362539695,2559.07353772058,3664.5916038667
445,1537,2577.85518231501,2090.52332947229,2102.02455386764
446,3931,2250.21794434713,2069.09069874727,2081.12120678227
447,5559,1232.19945739748,4571.78559324381,4584.07245029265
448,5592,1658.28893367795,4835.33519806776,4942.68368008187
449,5706,2099.69878067942,4336.85191320475,5312.31465781406
450,6274,2385.02269299073,4169.16349691803,5526.37046015043
451,4728,3899.18328443692,4897.42115715137,6258.92140296638
452,2950,4927.63465456977,4361.1763368544,4192.03755655957
453,6265,3953.20896683913,4104.94860608212,3524.10010311992
454,8361,2424.65648626613,8279.8146263875,7329.21273622684
455,8378,3090.36922964073,8069.79733286455,7297.56046532688
456,9387,3283.57231029407,7261.21962595816,8091.11142424393
457,9798,3256.74867689863,6799.11454109381,9095.10964278216
458,7145,5869.62345953676,7271.6718273047,9298.75555513655
459,4894,7512.28842740876,6070.17587892912,6473.24572939557
460,4514,5953.94450888817,6234.64911991707,5650.98639743715
461,10429,4982.6413033913,6963.8331316273,5096.52670612764
462,15515,3741.12986455613,13428.1631429189,11809.0879560263
463,15904,2615.82373570982,12016.8968286081,13603.545482294
464,15190,3815.03423528267,10613.0888104663,14473.8427878811
465,12493,7328.33128006761,8881.19464361894,14133.0443004351
466,7316,11849.5618476663,9631.83386658577,11796.4254318174
467,13644,12360.5445699471,8054.46762790945,7293.23912857111
468,18550,6563.24406959376,19302.4180231715,16638.4359719014
469,19074,5344.35758531471,19551.7627392048,15810.401367568
470,12965,7251.06290000699,20897.7691770603,18553.0372402451
471,14292,9577.41594009626,12190.0381678241,10432.919434192
472,14442,11710.1341969586,16051.8348853568,17341.9392100466
473,9512,12661.0926955997,12631.9016647462,12075.8766296482
474,16590,10080.4397020126,11242.4246819014,10342.0278914697
475,24239,4414.04867918169,15667.2408434226,18645.7696689532
476,24882,7074.63636321404,19555.6024281207,22066.0168480199
477,23242,10948.3707726951,16911.3236000503,22511.7599617849
478,23414,10435.5899659802,18122.3707073585,21793.9465764698
479,18883,14338.3891123171,19886.9311023173,23053.7384889355
480,12334,19435.9695811031,21285.0518617214,17215.4023787149
481,19936,16422.1074596447,18237.1175908758,13279.2670800564
482,28380,9055.83848130254,30617.9180116312,23037.1111914991
483,28128,9432.99271068909,29155.393320222,25896.8941711986
484,26735,11891.783035977,24811.7501552195,25704.3109918579
485,26182,12112.3793217026,18988.8614277748,25531.5761774549
486,20576,17622.2916782126,20093.0411860953,25463.9012269648
487,13115,22235.5490634637,17174.1675101668,19186.7694815291
488,19074,17709.0970493184,16823.5328135503,14161.8565528932
489,29064,10588.4777909767,25765.424793891,22426.9377933891
490,27356,10331.0309539198,32971.740813319,27574.7072513962
491,26965,12296.0367511027,25746.7939487965,23943.5837230039
492,25576,11363.0264424158,23948.1696467194,27201.6861575544
493,22389,17365.5425779887,21077.9821636332,23582.5766567926
494,13250,22275.9992023491,20806.652853505,22623.650721153
495,19366,17956.8923453865,15260.4818908124,12063.7991160405
496,28542,10525.8398860487,25808.0926086248,24609.774061645
497,27458,10797.1272371497,27882.434796674,25522.2312009395
498,24991,13163.562160088,25746.7137791093,25631.1635180179
499,23764,11574.8113921844,20647.3636285831,23667.375995083
500,19452,16593.4311921818,21972.5425148777,23750.3010196097
501,11379,21935.8735678436,18728.0817026308,18435.9977966474
502,17460,17211.3889206442,15726.369404937,12025.7716426436
503,24266,8720.03334743463,23565.5913678914,21378.3614587036
504,22097,9472.02972446208,25582.2938919881,21991.9794084499
505,20027,11973.9167628752,19840.7665660804,20531.9460114533
506,19397,10072.0161212358,16980.6672048731,19649.5817146197
507,15976,13929.3548964429,16501.3602749214,19350.0104435156
508,9609,17886.2300523074,15264.3947576761,15346.162492629
509,13806,13535.9052302227,12205.6501536645,10103.2279571987
510,18021,7233.91361745334,19081.5689405344,16905.8096653368
511,17156,8448.37358641941,19387.5188124401,16345.4179734869
512,15392,9618.23923864348,16967.9580854958,16608.7923757098
513,10788,7670.50224107411,13372.5632862895,14667.7046101746
514,6252,11314.5222926735,10706.7909419054,10608.7449481627
515,5029,13766.0880220882,7776.28085613979,7278.99624281225
516,9843,8852.14420815339,8230.54849474592,6658.22760599446
517,15571,3167.15216347468,12501.3309847187,11365.0981899261
518,14325,2451.02239968457,12997.4806152277,14710.3278305785
519,13601,5385.80191046551,9261.78894863874,12238.7525172669
520,12032,7283.64311696093,8726.16374273329,13894.9994117126
521,7179,10133.0383748712,8779.26497763416,11015.7349834091
522,6422,11663.2453549077,7979.18236344703,7370.2037481259
523,11670,7604.07125208209,10308.7949209366,8013.83323690285
524,17196,4256.70178641321,17163.1304370731,12651.3113446774
525,16576,4456.0228385138,17883.3298947168,16149.1287807604
526,11902,5711.10186445755,13594.9220152946,14432.2160018904
527,10900,8453.34274079856,9260.68245172727,11193.9231186517
528,11106,11420.0383508256,9554.35646927858,11927.2046157463
529,7785,11407.4883273823,10403.1247193477,11032.620078791
530,11406,7875.42834084085,9230.56684925001,7597.14094800483
531,16173,3753.3882361933,13980.1855064952,13452.8717278087
532,16878,5583.99754820041,15655.758465856,14763.4942499417
533,16047,8207.34905004515,14582.147644437,15839.4860544617
534,16896,7349.69634641157,12787.0585231252,14968.7632796759
535,14667,9198.3178056554,14165.6516965816,16954.6442310179
536,10445,12967.1996046076,13220.8024495852,13270.5637007178
537,19652,11898.089043572,12545.7390342247,10935.8596467611
538,30586,6409.02137875122,22314.7991839859,22189.4091672455
539,32835,6796.88027011361,25950.0443709226,27658.977033061
540,36665,10430.9776765841,24525.7664859537,29451.3246141714
541,40876,12213.619087884,25343.4151540547,35003.7922815675
542,34088,19279.3414529038,29814.3026940531,37982.7386681628
543,29100,26911.2789069479,29437.1662555062,30250.612661784
544,36995,24199.7951696836,34170.8240465795,30227.5563032261
545,53420,19810.7609846315,46691.194657266,38095.0251971683
546,57659,19573.3582734818,59890.3537990833,52104.9439967861
547,57262,20774.0508040423,53690.5694836399,50726.5633943532
548,51695,23909.5518705753,49580.0254554254,54900.220892025
549,48251,35067.7032725482,43316.258552035,47324.6310414543
550,33480,41785.6397557176,45181.04010276,49041.9184308991
551,39114,37801.8364435086,36887.3541869533,29867.5121910291
552,56051,26115.5037487564,50709.8070231165,47078.8804611591
553,54477,22112.9666985916,58733.130739612,52473.2754134666
554,47534,27047.5415243567,53201.4536950657,49853.0289950774
555,45749,26317.7767511403,43023.8127114832,45437.6573181075
556,34703,31522.5211734532,43790.1289197764,46085.6712633014
557,21980,40926.5544316689,35174.915282668,32062.9258809598
558,31986,32924.6806450626,29983.6778579108,25077.743400523
559,41695,17037.9591836689,41833.5907453451,37227.3308174877
560,37609,17362.7093406193,43234.8946492476,38680.5041378091
561,32109,20706.8022574716,33908.6633275115,34819.125994238
562,28159,18673.208767756,28046.9917069717,31637.8180844364
563,20033,24849.6118049276,26072.4965088495,28371.4504461355
564,12233,29288.9593197632,22031.0127811185,19916.5821340393
565,19859,19867.1132335715,18180.7039190377,14571.2682109791
566,25674,9046.75635331254,28571.7299508225,23985.6711086687
567,26123,10614.1917707592,26425.0743407719,23230.8335513935
568,21397,12083.2263151618,22854.6427300394,25496.8142921219
569,18801,11599.3087584383,16214.2178069755,19119.1291747749
570,12347,16335.8228168518,16376.3382268354,20371.1203541087
571,8675,19800.2652858288,12564.8280568657,11017.9238307841
572,16714,13718.9703931734,13263.73312803,11864.023977365
573,18187,5365.99831036538,21805.8930572163,18426.937437614
574,16351,7269.78969775462,19014.6997319842,15758.6414345198
575,14996,9067.54984641083,15160.5315749604,16391.6778199775
576,12448,9073.61589911297,12840.6376285439,14346.9457685498
577,7986,12660.4099427606,11325.0838573255,12657.2895947488
578,5894,12578.5046755328,8930.62493366647,8033.29668178171
579,11547,7864.25616776713,8734.68094388185,7666.37311185666
580,13046,4485.88106633358,14672.9866390214,13105.0517653379
581,12521,5566.20998911654,12128.4238386623,11187.9447719899
582,11093,5437.54339456465,10602.1603234777,12684.9473568693
583,11423,6263.18317891968,8475.00735407197,10155.4448952852
584,6892,9348.61716457746,9804.09343389166,12286.97787898
585,5036,10051.6442147837,6924.50524277582,5412.69465318748
586,11643,6405.24407519705,7851.3499454321,7454.85463869783
587,12847,3470.6683317215,14252.7302327037,12459.5772851885
588,11937,5594.89399708294,12272.4383955877,10931.6296258921
589,10329,5250.75918793509,10062.1137893598,11855.4312825642
590,9968,5844.43319640045,8392.04909270164,9565.42703752609
591,6768,9512.56996744515,8851.88558343222,10682.6330522471
592,4763,9572.4466436732,7163.92016524004,5935.3113222774
593,11250,5628.78850561459,7080.87664512651,6384.54751404148
594,12870,2835.40342541522,13741.038304538,12548.9766593358
595,10942,5215.14602825966,11229.5144030185,10638.1692305798
596,10409,5680.99143806849,9176.20876441476,10789.3384254755
597,9269,5498.55756418354,8138.71912836282,10156.8351513619
598,5103,9147.05142308468,8402.74825818864,9259.88538930077
599,3760,9577.37468970387,5968.51991539772,4842.22560306576
600,8988,5115.29408043723,6629.39338247771,5526.15023967474
601,9349,2685.59378259222,11972.5331238549,10049.9431640579
602,8052,4561.89658135221,8984.00322578444,7642.84868410302
603,7375,4066.57251200806,6837.38321984123,8435.065905009
604,5974,4181.60081600459,5671.33385310173,7019.23957727532
605,3171,7332.31156476358,5211.93669675133,6309.56934925069
606,2159,6870.30762448491,3728.59592088819,3195.34502733671
607,5927,3305.79474807,3903.81702138295,3507.32619773131
608,5095,1689.9333971977,8153.87317039649,6850.13739649731
609,4492,3256.8264453727,4978.46725941397,3761.17806954403
610,3670,2543.6461800819,4231.34963462885,5476.03592408923
611,1913,2554.89914013021,2925.57239704231,3115.41916679407
612,500,4697.85050016653,2134.82473060489,2638.46254637222
613,461,3664.00382380085,952.628111883555,821.066532155292
614,1706,1213.46856817302,1453.14094254069,1510.30766062176
615,1411,524.061192303759,2543.2894550672,2026.44707025934
616,1346,1036.90543452625,1279.88490643871,1347.64769662433
617,1194,743.040510607523,849.746894161328,1754.49170133814
618,1313,913.459481567762,630.222410186291,1233.21358621636
619,398,1543.39006432674,771.94091221101,1711.48150549899
620,357,1416.46829700253,385.398825561234,286.781293077309
621,1480,707.053636488283,755.109983232404,1111.61580571715
622,1154,503.829876230215,2025.01033397411,1641.27657789736
623,1068,1002.49681712044,1271.85432812748,1040.25244109844
624,1098,636.450385111917,1041.06343086015,1429.51020610654
625,978,725.661549983123,876.595812197874,1165.39641695924
626,290,1423.09460793619,790.114678836286,1234.19009762427
627,255,1228.84185396953,340.609079921314,364.748971797237
628,283,582.273502376548,515.482512335407,814.588562956335
629,1380,647.289520981278,492.537263224442,394.100506290298
630,1066,505.57356096928,1474.35401384028,1920.33750982972
631,1002,444.735102649463,499.459156791047,613.078106926229
632,1140,548.165507532237,612.36512697539,1592.14548177833
633,317,981.441558777047,502.472368790862,1023.35478884635
634,248,1513.27239291273,367.260471132174,551.250229697277
635,1228,830.762334440774,474.647637912141,667.429854679821
636,940,280.350804731793,2134.07437398835,1595.3982321965
637,867,784.3666355593,916.467793753215,715.152450787979
638,786,674.771949884771,1020.45672790766,1329.53597096652
639,775,699.919725257489,545.236084537705,767.311343738195
640,215,1129.16668822442,734.168760669247,1164.23417543537
641,173,1011.1839872441,206.408666897139,202.665410470177
642,797,536.189275985617,415.660647507846,750.308535732534
643,159,420.136628350977,808.985329835505,961.452896879205
644,804,777.395120940092,222.774266348251,155.55495071787
645,562,285.739037041016,741.393018915008,1419.52935398964
646,620,482.136756742039,297.095382440836,270.38726494063
647,187,820.736345557335,440.645644322903,1212.4766082624
648,159,694.379433128691,141.759381591851,8.33812647862032
649,652,614.329836117892,335.951014602259,801.957518447365
650,512,464.845455341638,699.550575441152,704.381765959457
651,455,526.273757794933,580.416492023236,695.054395111662
652,429,398.345323100319,391.476503952488,650.057402863399
653,390,535.467302926259,415.213525194071,649.290420776246
654,129,801.938843162094,327.981132865687,595.940966719471
655,91,641.762095605631,185.142967415707,321.579147750922
656,463,377.841532312849,183.809687494863,418.457414327734
657,342,365.821595835028,602.837568962879,724.131774834885
658,332,524.376082584245,240.87505548868,408.3017937883
659,277,372.319199898412,261.964899240957,643.07725261792
660,314,411.946930775753,160.007001090842,401.712670504652
661,87,626.884599416312,276.870077938184,616.252786176939
662,59,572.26296702972,94.7858688736938,192.530969108169
663,382,359.743648295101,180.873590265938,431.848129273503
664,256,307.474228982882,480.334204928877,584.849393626324
665,223,477.495612600536,255.031115895602,375.656927180441
666,237,372.004071424762,169.110765100142,499.145613190641
667,238,366.647971107752,164.794257761723,414.765247378067
668,74,549.693238546414,157.998595127123,479.695025263993
669,81,497.68043127314,82.3511498633923,241.133903172891
670,295,328.606574871103,146.465589223277,393.262429898901
671,231,327.471765548427,351.190502299948,503.212990241681
672,204,436.825428526177,208.835366525533,382.691728564479
673,210,354.918711412942,182.310848625909,450.57260660575
674,226,368.093526592118,162.753225702662,403.732920564222
675,55,499.959613906134,189.502960164623,458.068882814125
676,49,477.78912278892,68.035755646044,223.403317448267
677,294,341.74807009032,118.697516261784,358.264474104297
678,181,311.53554915849,330.316268038595,514.509992948384
679,249,422.513161906162,146.262957218187,307.842162873337
680,228,321.660459250028,170.284398340262,542.891092378416
681,239,366.616618455645,123.466193218943,354.669630839654
682,50,505.742824124759,170.519708019368,514.923853038108
683,39,476.91014580414,58.9886715764226,179.934156347459
684,279,370.197873331655,125.099681982326,382.048009980976
685,209,325.061311225144,393.216347437203,478.076184525044
686,209,397.877909925567,204.173656171744,363.826153196514
687,43,321.491137553977,152.414400401669,458.175722032134
688,228,399.66241949592,38.5088044630794,199.257250399088
689,57,460.430656891906,220.388522204549,574.132102079271
690,42,438.291927805364,41.0120984143325,112.858493920735
691,324,305.445212468468,91.9444865111454,420.543105340452
692,285,247.006558837356,235.817564493909,491.78408397408
693,269,438.26221649877,199.611332555899,446.11288578415
694,307,385.065009583495,138.845061977302,485.119080302539
695,302,358.59110577126,216.793069030902,508.840727179658
696,90,532.360974145337,212.83974955162,499.442477101587
697,84,555.848377781532,147.973587417515,269.690057035601
698,625,396.937141091359,206.312893916047,393.481793956711
699,472,285.021906368217,871.038929664279,894.925007868853
700,507,470.312988131891,310.858025671477,444.584900555489
701,571,415.174782404344,354.058365702086,856.817647477914
702,540,503.332915231324,248.834405862231,641.268996946653
703,142,772.677342261987,371.673062357122,799.288035753934
704,107,710.871746870168,141.32168698018,230.450942675605
705,909,489.017326196771,328.095059664623,538.192995111371
706,831,366.304358157891,1161.00926514227,1169.24614343039
707,924,551.754915473182,740.025836390597,748.340406440351
708,894,423.045287975202,575.187620599191,1246.88794593951
709,1081,646.77996010231,494.616389117212,895.299506978587
710,263,1058.06875142401,629.73261032259,1409.0493339561
711,194,1092.92721468945,270.643097439701,135.730552327137
712,1720,681.562153525375,483.809826000999,874.543488269813
